,country,year,scenario,temp,prec
1,Chile,2023,SSP1-2.6,9.32,1018.57
2,Chile,2023,SSP5-8.5,9.29,1083.02
3,Chile,2024,SSP1-2.6,9.46,1073.58
4,Chile,2024,SSP5-8.5,9.42,1047.82
5,Chile,2025,SSP1-2.6,9.31,1063.39
6,Chile,2025,SSP5-8.5,9.41,1075.86
7,Chile,2026,SSP1-2.6,9.5,1057.45
8,Chile,2026,SSP5-8.5,9.48,1045.53
9,Chile,2027,SSP1-2.6,9.4,1071.84
10,Chile,2027,SSP5-8.5,9.45,1043.7
11,Chile,2028,SSP1-2.6,9.37,1065.64
12,Chile,2028,SSP5-8.5,9.57,1038.03
13,Chile,2029,SSP1-2.6,9.5,1063.97
14,Chile,2029,SSP5-8.5,9.52,1048.67
15,Chile,2030,SSP1-2.6,9.4,1037.59
16,Chile,2030,SSP5-8.5,9.61,1079.74
17,Chile,2031,SSP1-2.6,9.51,1086.09
18,Chile,2031,SSP5-8.5,9.65,1060.69
19,Chile,2032,SSP1-2.6,9.53,1039.47
20,Chile,2032,SSP5-8.5,9.62,1067.79
21,Chile,2033,SSP1-2.6,9.51,1055.63
22,Chile,2033,SSP5-8.5,9.59,1053.99
23,Chile,2034,SSP1-2.6,9.58,1051.3
24,Chile,2034,SSP5-8.5,9.71,1052.31
25,Chile,2035,SSP1-2.6,9.57,1035.62
26,Chile,2035,SSP5-8.5,9.71,1029.34
27,Chile,2036,SSP1-2.6,9.62,1034.25
28,Chile,2036,SSP5-8.5,9.84,1044.69
29,Chile,2037,SSP1-2.6,9.65,1026.04
30,Chile,2037,SSP5-8.5,9.89,1086.23
31,Chile,2038,SSP1-2.6,9.63,1044.58
32,Chile,2038,SSP5-8.5,9.86,1027.98
33,Chile,2039,SSP1-2.6,9.66,1085.19
34,Chile,2039,SSP5-8.5,9.95,1045.49
35,Chile,2040,SSP1-2.6,9.55,1050.02
36,Chile,2040,SSP5-8.5,10.02,1033.46
37,Chile,2041,SSP1-2.6,9.66,1016.15
38,Chile,2041,SSP5-8.5,10.03,1023.42
39,Chile,2042,SSP1-2.6,9.65,1054.4
40,Chile,2042,SSP5-8.5,10.03,1021.02
41,Chile,2043,SSP1-2.6,9.69,1051.84
42,Chile,2043,SSP5-8.5,10.09,1043.84
43,Chile,2044,SSP1-2.6,9.62,1031.49
44,Chile,2044,SSP5-8.5,10.13,1041.82
45,Chile,2045,SSP1-2.6,9.65,1047.94
46,Chile,2045,SSP5-8.5,10.16,1002.58
47,Chile,2046,SSP1-2.6,9.83,1024.39
48,Chile,2046,SSP5-8.5,10.18,1006.72
49,Chile,2047,SSP1-2.6,9.78,1038.27
50,Chile,2047,SSP5-8.5,10.3,1016.27
51,Chile,2048,SSP1-2.6,9.8,1086.16
52,Chile,2048,SSP5-8.5,10.32,1020.97
53,Chile,2049,SSP1-2.6,9.73,1052.76
54,Chile,2049,SSP5-8.5,10.38,1040.74
55,Chile,2050,SSP1-2.6,9.79,1041.62
56,Chile,2050,SSP5-8.5,10.39,1001.62
57,Chile,2051,SSP1-2.6,9.79,1021.18
58,Chile,2051,SSP5-8.5,10.35,1035.22
59,Chile,2052,SSP1-2.6,9.73,1045.77
60,Chile,2052,SSP5-8.5,10.5,999.13
61,Chile,2053,SSP1-2.6,9.8,1070.39
62,Chile,2053,SSP5-8.5,10.55,1037.18
63,Chile,2054,SSP1-2.6,9.76,1060.53
64,Chile,2054,SSP5-8.5,10.67,1033.95
65,Chile,2055,SSP1-2.6,9.7,1045.24
66,Chile,2055,SSP5-8.5,10.58,1017.52
67,Chile,2056,SSP1-2.6,9.76,1051.61
68,Chile,2056,SSP5-8.5,10.65,982.36
69,Chile,2057,SSP1-2.6,9.87,1059.97
70,Chile,2057,SSP5-8.5,10.69,1004.68
71,Chile,2058,SSP1-2.6,9.85,1069.04
72,Chile,2058,SSP5-8.5,10.92,1011.33
73,Chile,2059,SSP1-2.6,9.81,1066.5
74,Chile,2059,SSP5-8.5,10.88,1006.88
75,Chile,2060,SSP1-2.6,9.84,1013.74
76,Chile,2060,SSP5-8.5,10.94,989.29
77,Chile,2061,SSP1-2.6,9.79,1043.14
78,Chile,2061,SSP5-8.5,10.9,986.62
79,Chile,2062,SSP1-2.6,9.86,1061.18
80,Chile,2062,SSP5-8.5,10.97,1008.62
81,Chile,2063,SSP1-2.6,9.79,1039.84
82,Chile,2063,SSP5-8.5,11.06,989.43
83,Chile,2064,SSP1-2.6,9.85,1059
84,Chile,2064,SSP5-8.5,11.07,1000.08
85,Chile,2065,SSP1-2.6,9.78,1057.37
86,Chile,2065,SSP5-8.5,11.16,986.7
87,Chile,2066,SSP1-2.6,9.83,1050.69
88,Chile,2066,SSP5-8.5,11.27,988.61
89,Chile,2067,SSP1-2.6,9.88,1052.77
90,Chile,2067,SSP5-8.5,11.32,968.27
91,Chile,2068,SSP1-2.6,9.87,1044.08
92,Chile,2068,SSP5-8.5,11.41,969.5
93,Chile,2069,SSP1-2.6,9.79,1071.22
94,Chile,2069,SSP5-8.5,11.44,957.33
95,Chile,2070,SSP1-2.6,9.86,1053.38
96,Chile,2070,SSP5-8.5,11.42,994.39
97,Chile,2071,SSP1-2.6,9.88,1069.06
98,Chile,2071,SSP5-8.5,11.51,988.68
99,Chile,2072,SSP1-2.6,9.85,1044.95
100,Chile,2072,SSP5-8.5,11.58,974.36
101,Chile,2073,SSP1-2.6,9.95,1071.74
102,Chile,2073,SSP5-8.5,11.63,966
103,Chile,2074,SSP1-2.6,9.87,1047.62
104,Chile,2074,SSP5-8.5,11.58,980.26
105,Chile,2075,SSP1-2.6,9.8,1040.97
106,Chile,2075,SSP5-8.5,11.59,960.87
107,Chile,2076,SSP1-2.6,9.77,1077.46
108,Chile,2076,SSP5-8.5,11.72,985.58
109,Chile,2077,SSP1-2.6,9.94,1047.1
110,Chile,2077,SSP5-8.5,11.77,937.98
111,Chile,2078,SSP1-2.6,9.92,1069.93
112,Chile,2078,SSP5-8.5,11.79,963.28
113,Chile,2079,SSP1-2.6,9.84,1077.55
114,Chile,2079,SSP5-8.5,11.85,963.38
115,Chile,2080,SSP1-2.6,9.87,1057.3
116,Chile,2080,SSP5-8.5,11.97,953.61
117,Chile,2081,SSP1-2.6,9.89,1080.4
118,Chile,2081,SSP5-8.5,12.04,951.32
119,Chile,2082,SSP1-2.6,9.89,1057.15
120,Chile,2082,SSP5-8.5,12.11,943.02
121,Chile,2083,SSP1-2.6,9.85,1076.49
122,Chile,2083,SSP5-8.5,12.18,949.19
123,Chile,2084,SSP1-2.6,9.79,1061.17
124,Chile,2084,SSP5-8.5,12.23,937.05
125,Chile,2085,SSP1-2.6,9.87,1034.72
126,Chile,2085,SSP5-8.5,12.24,938.28
127,Chile,2086,SSP1-2.6,9.77,1046.68
128,Chile,2086,SSP5-8.5,12.33,928.98
129,Chile,2087,SSP1-2.6,9.81,1037.82
130,Chile,2087,SSP5-8.5,12.32,951.28
131,Chile,2088,SSP1-2.6,9.82,1060.07
132,Chile,2088,SSP5-8.5,12.53,923.69
133,Chile,2089,SSP1-2.6,9.67,1060.33
134,Chile,2089,SSP5-8.5,12.41,936.29
135,Chile,2090,SSP1-2.6,9.77,1053.65
136,Chile,2090,SSP5-8.5,12.56,932.67
137,Chile,2091,SSP1-2.6,9.76,1025.12
138,Chile,2091,SSP5-8.5,12.48,960.46
139,Chile,2092,SSP1-2.6,9.87,1094
140,Chile,2092,SSP5-8.5,12.72,933.23
141,Chile,2093,SSP1-2.6,9.81,1050.15
142,Chile,2093,SSP5-8.5,12.58,946.49
143,Chile,2094,SSP1-2.6,9.8,1081.22
144,Chile,2094,SSP5-8.5,12.73,942.61
145,Chile,2095,SSP1-2.6,9.79,1082.17
146,Chile,2095,SSP5-8.5,12.64,934.06
147,Chile,2096,SSP1-2.6,9.7,1059.28
148,Chile,2096,SSP5-8.5,12.76,934.55
149,Chile,2097,SSP1-2.6,9.81,1040.57
150,Chile,2097,SSP5-8.5,12.98,925.42
151,Chile,2098,SSP1-2.6,9.75,1047.34
152,Chile,2098,SSP5-8.5,13.03,903.49
153,Chile,2099,SSP1-2.6,9.78,1041.96
154,Chile,2099,SSP5-8.5,13.01,915.02
155,Chile,2100,SSP1-2.6,9.82,1070.26
156,Chile,2100,SSP5-8.5,13.07,927.44
157,China,2023,SSP1-2.6,8.16,834.73
158,China,2023,SSP5-8.5,8.09,842.36
159,China,2024,SSP1-2.6,8.27,851.38
160,China,2024,SSP5-8.5,8.2,837.29
161,China,2025,SSP1-2.6,8.3,837.68
162,China,2025,SSP5-8.5,8.26,842.03
163,China,2026,SSP1-2.6,8.23,852.27
164,China,2026,SSP5-8.5,8.32,843.42
165,China,2027,SSP1-2.6,8.27,849.29
166,China,2027,SSP5-8.5,8.35,859.41
167,China,2028,SSP1-2.6,8.38,854.27
168,China,2028,SSP5-8.5,8.41,846.38
169,China,2029,SSP1-2.6,8.4,853.1
170,China,2029,SSP5-8.5,8.56,834.42
171,China,2030,SSP1-2.6,8.4,869.84
172,China,2030,SSP5-8.5,8.53,847.56
173,China,2031,SSP1-2.6,8.4,855.93
174,China,2031,SSP5-8.5,8.55,841.48
175,China,2032,SSP1-2.6,8.55,850.22
176,China,2032,SSP5-8.5,8.58,833.48
177,China,2033,SSP1-2.6,8.52,856.68
178,China,2033,SSP5-8.5,8.71,840.88
179,China,2034,SSP1-2.6,8.52,864.52
180,China,2034,SSP5-8.5,8.68,851.73
181,China,2035,SSP1-2.6,8.6,840.51
182,China,2035,SSP5-8.5,8.66,855.35
183,China,2036,SSP1-2.6,8.64,864.55
184,China,2036,SSP5-8.5,8.81,853.04
185,China,2037,SSP1-2.6,8.62,876.03
186,China,2037,SSP5-8.5,8.93,843.67
187,China,2038,SSP1-2.6,8.65,869.56
188,China,2038,SSP5-8.5,8.92,852.74
189,China,2039,SSP1-2.6,8.73,879.32
190,China,2039,SSP5-8.5,8.91,852.61
191,China,2040,SSP1-2.6,8.63,891.14
192,China,2040,SSP5-8.5,9,862.05
193,China,2041,SSP1-2.6,8.65,868.07
194,China,2041,SSP5-8.5,8.98,869.66
195,China,2042,SSP1-2.6,8.77,879.53
196,China,2042,SSP5-8.5,9.16,864.48
197,China,2043,SSP1-2.6,8.74,880.13
198,China,2043,SSP5-8.5,9.31,862.02
199,China,2044,SSP1-2.6,8.8,869.12
200,China,2044,SSP5-8.5,9.37,871.27
201,China,2045,SSP1-2.6,8.82,866.68
202,China,2045,SSP5-8.5,9.39,871.18
203,China,2046,SSP1-2.6,8.88,875.68
204,China,2046,SSP5-8.5,9.47,877.86
205,China,2047,SSP1-2.6,8.79,887.45
206,China,2047,SSP5-8.5,9.41,880.27
207,China,2048,SSP1-2.6,8.94,896.1
208,China,2048,SSP5-8.5,9.7,870.51
209,China,2049,SSP1-2.6,8.99,876.19
210,China,2049,SSP5-8.5,9.74,890.05
211,China,2050,SSP1-2.6,8.91,877.8
212,China,2050,SSP5-8.5,9.81,874.65
213,China,2051,SSP1-2.6,8.8,907.7
214,China,2051,SSP5-8.5,9.75,884.38
215,China,2052,SSP1-2.6,8.88,871.33
216,China,2052,SSP5-8.5,9.76,885.42
217,China,2053,SSP1-2.6,8.87,891.91
218,China,2053,SSP5-8.5,9.82,885.77
219,China,2054,SSP1-2.6,8.88,879.79
220,China,2054,SSP5-8.5,9.94,890.53
221,China,2055,SSP1-2.6,8.98,891.21
222,China,2055,SSP5-8.5,9.98,886.95
223,China,2056,SSP1-2.6,9.01,891.22
224,China,2056,SSP5-8.5,10.06,887.99
225,China,2057,SSP1-2.6,9.08,888.75
226,China,2057,SSP5-8.5,10.1,888.94
227,China,2058,SSP1-2.6,9.02,879.72
228,China,2058,SSP5-8.5,10.3,915.03
229,China,2059,SSP1-2.6,9.22,896.04
230,China,2059,SSP5-8.5,10.31,896.88
231,China,2060,SSP1-2.6,9.1,904.74
232,China,2060,SSP5-8.5,10.4,887.65
233,China,2061,SSP1-2.6,9.02,900.46
234,China,2061,SSP5-8.5,10.34,901.9
235,China,2062,SSP1-2.6,9.01,890.36
236,China,2062,SSP5-8.5,10.48,891.39
237,China,2063,SSP1-2.6,9.14,896.1
238,China,2063,SSP5-8.5,10.68,899.27
239,China,2064,SSP1-2.6,8.99,904.21
240,China,2064,SSP5-8.5,10.76,916.64
241,China,2065,SSP1-2.6,8.99,887.78
242,China,2065,SSP5-8.5,10.64,899.72
243,China,2066,SSP1-2.6,9.11,893.22
244,China,2066,SSP5-8.5,10.8,897.13
245,China,2067,SSP1-2.6,9.01,901.66
246,China,2067,SSP5-8.5,10.89,885.79
247,China,2068,SSP1-2.6,9.07,887.22
248,China,2068,SSP5-8.5,10.96,919.67
249,China,2069,SSP1-2.6,9.18,887.91
250,China,2069,SSP5-8.5,11.23,907.02
251,China,2070,SSP1-2.6,9.1,896.41
252,China,2070,SSP5-8.5,11.16,917.98
253,China,2071,SSP1-2.6,8.99,908.45
254,China,2071,SSP5-8.5,11.21,915.1
255,China,2072,SSP1-2.6,9.01,892.83
256,China,2072,SSP5-8.5,11.25,922.14
257,China,2073,SSP1-2.6,9.08,892.39
258,China,2073,SSP5-8.5,11.28,937.96
259,China,2074,SSP1-2.6,9.08,908.08
260,China,2074,SSP5-8.5,11.53,939.91
261,China,2075,SSP1-2.6,9.18,895.54
262,China,2075,SSP5-8.5,11.58,923.4
263,China,2076,SSP1-2.6,9.06,907.71
264,China,2076,SSP5-8.5,11.57,933.37
265,China,2077,SSP1-2.6,9.05,902.53
266,China,2077,SSP5-8.5,11.62,932.58
267,China,2078,SSP1-2.6,9.15,897.2
268,China,2078,SSP5-8.5,11.56,938.86
269,China,2079,SSP1-2.6,9.12,888.45
270,China,2079,SSP5-8.5,11.69,945.69
271,China,2080,SSP1-2.6,9.01,891.55
272,China,2080,SSP5-8.5,11.95,956.44
273,China,2081,SSP1-2.6,9.09,905.78
274,China,2081,SSP5-8.5,11.96,926.92
275,China,2082,SSP1-2.6,9.13,913.9
276,China,2082,SSP5-8.5,12.02,940.18
277,China,2083,SSP1-2.6,9.13,905.18
278,China,2083,SSP5-8.5,12.1,953.06
279,China,2084,SSP1-2.6,8.96,903.84
280,China,2084,SSP5-8.5,12.31,950.08
281,China,2085,SSP1-2.6,9.09,901.6
282,China,2085,SSP5-8.5,12.27,955.59
283,China,2086,SSP1-2.6,9.18,907.81
284,China,2086,SSP5-8.5,12.32,950.71
285,China,2087,SSP1-2.6,9.03,893.65
286,China,2087,SSP5-8.5,12.52,965.7
287,China,2088,SSP1-2.6,9.02,912.62
288,China,2088,SSP5-8.5,12.52,977.43
289,China,2089,SSP1-2.6,9.07,903.88
290,China,2089,SSP5-8.5,12.51,958.96
291,China,2090,SSP1-2.6,9.06,898.93
292,China,2090,SSP5-8.5,12.81,972.6
293,China,2091,SSP1-2.6,9,913.68
294,China,2091,SSP5-8.5,12.68,971.53
295,China,2092,SSP1-2.6,8.95,897.7
296,China,2092,SSP5-8.5,12.9,960.88
297,China,2093,SSP1-2.6,9.05,916.13
298,China,2093,SSP5-8.5,12.87,978.12
299,China,2094,SSP1-2.6,9.15,910.79
300,China,2094,SSP5-8.5,13.03,985.09
301,China,2095,SSP1-2.6,9.03,910.19
302,China,2095,SSP5-8.5,13.25,966.33
303,China,2096,SSP1-2.6,9.02,888.17
304,China,2096,SSP5-8.5,13.24,988.31
305,China,2097,SSP1-2.6,9.01,910.78
306,China,2097,SSP5-8.5,13.36,966.15
307,China,2098,SSP1-2.6,9.1,912.85
308,China,2098,SSP5-8.5,13.46,990.68
309,China,2099,SSP1-2.6,9.04,897.95
310,China,2099,SSP5-8.5,13.28,975.83
311,China,2100,SSP1-2.6,9.05,914.74
312,China,2100,SSP5-8.5,13.63,1011.44
313,India,2023,SSP1-2.6,25.23,909.46
314,India,2023,SSP5-8.5,25.14,864
315,India,2024,SSP1-2.6,25.35,907.89
316,India,2024,SSP5-8.5,25.15,916.53
317,India,2025,SSP1-2.6,25.25,891.71
318,India,2025,SSP5-8.5,25.19,906.27
319,India,2026,SSP1-2.6,25.36,918.56
320,India,2026,SSP5-8.5,25.3,905.44
321,India,2027,SSP1-2.6,25.3,915.65
322,India,2027,SSP5-8.5,25.36,880.95
323,India,2028,SSP1-2.6,25.52,879.2
324,India,2028,SSP5-8.5,25.29,920.22
325,India,2029,SSP1-2.6,25.29,945.13
326,India,2029,SSP5-8.5,25.4,920.86
327,India,2030,SSP1-2.6,25.37,936.3
328,India,2030,SSP5-8.5,25.45,876.52
329,India,2031,SSP1-2.6,25.5,884.91
330,India,2031,SSP5-8.5,25.49,851.73
331,India,2032,SSP1-2.6,25.49,936.33
332,India,2032,SSP5-8.5,25.49,911.94
333,India,2033,SSP1-2.6,25.42,936.96
334,India,2033,SSP5-8.5,25.44,918.99
335,India,2034,SSP1-2.6,25.59,913.77
336,India,2034,SSP5-8.5,25.43,912.97
337,India,2035,SSP1-2.6,25.47,925.19
338,India,2035,SSP5-8.5,25.64,916.89
339,India,2036,SSP1-2.6,25.53,925.11
340,India,2036,SSP5-8.5,25.66,933.27
341,India,2037,SSP1-2.6,25.72,900.47
342,India,2037,SSP5-8.5,25.77,909.71
343,India,2038,SSP1-2.6,25.61,963.26
344,India,2038,SSP5-8.5,25.86,900.3
345,India,2039,SSP1-2.6,25.67,929.57
346,India,2039,SSP5-8.5,25.79,891.97
347,India,2040,SSP1-2.6,25.67,913.51
348,India,2040,SSP5-8.5,25.96,908.48
349,India,2041,SSP1-2.6,25.68,954.7
350,India,2041,SSP5-8.5,25.9,911.15
351,India,2042,SSP1-2.6,25.83,879.7
352,India,2042,SSP5-8.5,25.93,919.07
353,India,2043,SSP1-2.6,25.88,922.3
354,India,2043,SSP5-8.5,26.12,881.91
355,India,2044,SSP1-2.6,25.79,999.71
356,India,2044,SSP5-8.5,26.23,909.71
357,India,2045,SSP1-2.6,25.77,946.52
358,India,2045,SSP5-8.5,26.19,926.33
359,India,2046,SSP1-2.6,25.94,973.33
360,India,2046,SSP5-8.5,26.2,933.53
361,India,2047,SSP1-2.6,25.87,934.75
362,India,2047,SSP5-8.5,26.31,893.87
363,India,2048,SSP1-2.6,25.85,942.47
364,India,2048,SSP5-8.5,26.45,920.82
365,India,2049,SSP1-2.6,25.94,918.38
366,India,2049,SSP5-8.5,26.54,946.3
367,India,2050,SSP1-2.6,26.01,952.63
368,India,2050,SSP5-8.5,26.59,977.48
369,India,2051,SSP1-2.6,26.14,929.45
370,India,2051,SSP5-8.5,26.55,946.64
371,India,2052,SSP1-2.6,25.93,932.32
372,India,2052,SSP5-8.5,26.65,941.51
373,India,2053,SSP1-2.6,25.89,967.55
374,India,2053,SSP5-8.5,26.71,925.35
375,India,2054,SSP1-2.6,25.87,933.44
376,India,2054,SSP5-8.5,26.93,936.15
377,India,2055,SSP1-2.6,25.98,944.64
378,India,2055,SSP5-8.5,26.77,978.59
379,India,2056,SSP1-2.6,26.01,982
380,India,2056,SSP5-8.5,26.78,980.64
381,India,2057,SSP1-2.6,26.06,929.79
382,India,2057,SSP5-8.5,26.82,945.46
383,India,2058,SSP1-2.6,26.18,917.78
384,India,2058,SSP5-8.5,27.05,954.16
385,India,2059,SSP1-2.6,26.13,887.02
386,India,2059,SSP5-8.5,27.05,980.36
387,India,2060,SSP1-2.6,26.15,961.31
388,India,2060,SSP5-8.5,27.01,979.7
389,India,2061,SSP1-2.6,25.93,991.29
390,India,2061,SSP5-8.5,27.17,960.97
391,India,2062,SSP1-2.6,26.06,906.19
392,India,2062,SSP5-8.5,27.23,953.39
393,India,2063,SSP1-2.6,25.98,960.63
394,India,2063,SSP5-8.5,27.36,998.64
395,India,2064,SSP1-2.6,26.02,965.42
396,India,2064,SSP5-8.5,27.26,1008.81
397,India,2065,SSP1-2.6,25.95,965.39
398,India,2065,SSP5-8.5,27.06,1024.47
399,India,2066,SSP1-2.6,26.09,912.81
400,India,2066,SSP5-8.5,27.39,984.91
401,India,2067,SSP1-2.6,26.05,969.18
402,India,2067,SSP5-8.5,27.5,1010.34
403,India,2068,SSP1-2.6,26.01,978.55
404,India,2068,SSP5-8.5,27.45,1026.62
405,India,2069,SSP1-2.6,26.04,980.54
406,India,2069,SSP5-8.5,27.72,965.85
407,India,2070,SSP1-2.6,25.92,958.42
408,India,2070,SSP5-8.5,27.69,1028.91
409,India,2071,SSP1-2.6,26.07,924.66
410,India,2071,SSP5-8.5,27.71,1003.91
411,India,2072,SSP1-2.6,26,964.63
412,India,2072,SSP5-8.5,27.68,1003.72
413,India,2073,SSP1-2.6,26.04,945.51
414,India,2073,SSP5-8.5,28.03,1002.89
415,India,2074,SSP1-2.6,26.18,957.49
416,India,2074,SSP5-8.5,28.15,1013.52
417,India,2075,SSP1-2.6,26.03,948.41
418,India,2075,SSP5-8.5,27.99,1016.28
419,India,2076,SSP1-2.6,26.08,954.08
420,India,2076,SSP5-8.5,28.17,1005.15
421,India,2077,SSP1-2.6,26.12,935.68
422,India,2077,SSP5-8.5,28.14,1056.75
423,India,2078,SSP1-2.6,26.14,986.26
424,India,2078,SSP5-8.5,28,1056.55
425,India,2079,SSP1-2.6,26,994.56
426,India,2079,SSP5-8.5,28.25,1009.08
427,India,2080,SSP1-2.6,26.04,941.43
428,India,2080,SSP5-8.5,28.38,1051.9
429,India,2081,SSP1-2.6,26.02,932.39
430,India,2081,SSP5-8.5,28.39,1042.12
431,India,2082,SSP1-2.6,26.14,965.95
432,India,2082,SSP5-8.5,28.28,1093.28
433,India,2083,SSP1-2.6,26.11,951.98
434,India,2083,SSP5-8.5,28.56,1081.52
435,India,2084,SSP1-2.6,26.04,978.78
436,India,2084,SSP5-8.5,28.72,1023.94
437,India,2085,SSP1-2.6,26.11,950.56
438,India,2085,SSP5-8.5,28.67,1080.69
439,India,2086,SSP1-2.6,26.08,1001.86
440,India,2086,SSP5-8.5,28.74,1085.13
441,India,2087,SSP1-2.6,26.06,960.6
442,India,2087,SSP5-8.5,28.77,1044.53
443,India,2088,SSP1-2.6,26.09,936.6
444,India,2088,SSP5-8.5,28.98,1057.53
445,India,2089,SSP1-2.6,25.91,957.83
446,India,2089,SSP5-8.5,28.92,1080.88
447,India,2090,SSP1-2.6,25.94,935.79
448,India,2090,SSP5-8.5,29.21,1049.93
449,India,2091,SSP1-2.6,26.14,918.75
450,India,2091,SSP5-8.5,29.03,1130.01
451,India,2092,SSP1-2.6,25.92,968.27
452,India,2092,SSP5-8.5,29.13,1135.95
453,India,2093,SSP1-2.6,25.91,947.84
454,India,2093,SSP5-8.5,29.3,1050.75
455,India,2094,SSP1-2.6,25.99,968.86
456,India,2094,SSP5-8.5,29.44,1093.27
457,India,2095,SSP1-2.6,25.86,986.06
458,India,2095,SSP5-8.5,29.16,1152.95
459,India,2096,SSP1-2.6,25.89,950.63
460,India,2096,SSP5-8.5,29.6,1077.6
461,India,2097,SSP1-2.6,26.06,960.37
462,India,2097,SSP5-8.5,29.53,1143.6
463,India,2098,SSP1-2.6,26.15,943.42
464,India,2098,SSP5-8.5,29.68,1156.65
465,India,2099,SSP1-2.6,26.08,948.63
466,India,2099,SSP5-8.5,29.64,1163.1
467,India,2100,SSP1-2.6,25.99,982.13
468,India,2100,SSP5-8.5,29.74,1186.33
469,Iran,2023,SSP1-2.6,18.67,201.84
470,Iran,2023,SSP5-8.5,18.8,220.86
471,Iran,2024,SSP1-2.6,18.96,209.09
472,Iran,2024,SSP5-8.5,18.77,184.16
473,Iran,2025,SSP1-2.6,19,191.53
474,Iran,2025,SSP5-8.5,18.9,198.12
475,Iran,2026,SSP1-2.6,18.95,208.35
476,Iran,2026,SSP5-8.5,19,222.85
477,Iran,2027,SSP1-2.6,19.09,196.86
478,Iran,2027,SSP5-8.5,19.04,222.52
479,Iran,2028,SSP1-2.6,19.2,217.92
480,Iran,2028,SSP5-8.5,19.07,210.66
481,Iran,2029,SSP1-2.6,18.96,216.97
482,Iran,2029,SSP5-8.5,19.32,213.82
483,Iran,2030,SSP1-2.6,19.07,218.93
484,Iran,2030,SSP5-8.5,19.29,213.45
485,Iran,2031,SSP1-2.6,19.29,202.16
486,Iran,2031,SSP5-8.5,19.37,210.05
487,Iran,2032,SSP1-2.6,19.06,214
488,Iran,2032,SSP5-8.5,19.41,217.92
489,Iran,2033,SSP1-2.6,19.2,207.08
490,Iran,2033,SSP5-8.5,19.23,225.64
491,Iran,2034,SSP1-2.6,19.07,218.36
492,Iran,2034,SSP5-8.5,19.33,211.9
493,Iran,2035,SSP1-2.6,19.39,193.68
494,Iran,2035,SSP5-8.5,19.52,196.25
495,Iran,2036,SSP1-2.6,19.31,224.73
496,Iran,2036,SSP5-8.5,19.45,199.67
497,Iran,2037,SSP1-2.6,19.39,222.27
498,Iran,2037,SSP5-8.5,19.47,220.74
499,Iran,2038,SSP1-2.6,19.3,225.5
500,Iran,2038,SSP5-8.5,19.79,206.46
501,Iran,2039,SSP1-2.6,19.35,204.8
502,Iran,2039,SSP5-8.5,19.75,227.76
503,Iran,2040,SSP1-2.6,19.2,216.7
504,Iran,2040,SSP5-8.5,19.73,239.04
505,Iran,2041,SSP1-2.6,19.29,206.83
506,Iran,2041,SSP5-8.5,19.67,214.26
507,Iran,2042,SSP1-2.6,19.5,223.43
508,Iran,2042,SSP5-8.5,19.83,209.66
509,Iran,2043,SSP1-2.6,19.33,217.55
510,Iran,2043,SSP5-8.5,20.04,210.59
511,Iran,2044,SSP1-2.6,19.44,198.23
512,Iran,2044,SSP5-8.5,19.92,231.15
513,Iran,2045,SSP1-2.6,19.47,220.23
514,Iran,2045,SSP5-8.5,20.07,209.42
515,Iran,2046,SSP1-2.6,19.66,213.01
516,Iran,2046,SSP5-8.5,20.37,196.5
517,Iran,2047,SSP1-2.6,19.47,201.58
518,Iran,2047,SSP5-8.5,20.37,209.12
519,Iran,2048,SSP1-2.6,19.55,198.18
520,Iran,2048,SSP5-8.5,20.2,215.76
521,Iran,2049,SSP1-2.6,19.61,224.96
522,Iran,2049,SSP5-8.5,20.44,233.67
523,Iran,2050,SSP1-2.6,19.58,221.55
524,Iran,2050,SSP5-8.5,20.52,204.7
525,Iran,2051,SSP1-2.6,19.44,237.77
526,Iran,2051,SSP5-8.5,20.53,202.98
527,Iran,2052,SSP1-2.6,19.68,200.03
528,Iran,2052,SSP5-8.5,20.53,204.03
529,Iran,2053,SSP1-2.6,19.47,198.45
530,Iran,2053,SSP5-8.5,20.39,209.61
531,Iran,2054,SSP1-2.6,19.6,202.04
532,Iran,2054,SSP5-8.5,20.69,220.75
533,Iran,2055,SSP1-2.6,19.64,238.54
534,Iran,2055,SSP5-8.5,20.77,203.54
535,Iran,2056,SSP1-2.6,19.69,216.4
536,Iran,2056,SSP5-8.5,20.86,226.7
537,Iran,2057,SSP1-2.6,19.83,198.91
538,Iran,2057,SSP5-8.5,20.96,203.87
539,Iran,2058,SSP1-2.6,19.61,221.63
540,Iran,2058,SSP5-8.5,21.23,216.11
541,Iran,2059,SSP1-2.6,19.7,236.6
542,Iran,2059,SSP5-8.5,21.16,208.88
543,Iran,2060,SSP1-2.6,19.57,210.62
544,Iran,2060,SSP5-8.5,21.33,215.36
545,Iran,2061,SSP1-2.6,19.56,205
546,Iran,2061,SSP5-8.5,21.2,219.8
547,Iran,2062,SSP1-2.6,19.72,211.98
548,Iran,2062,SSP5-8.5,21.3,233.49
549,Iran,2063,SSP1-2.6,19.77,202.14
550,Iran,2063,SSP5-8.5,21.45,217.23
551,Iran,2064,SSP1-2.6,19.5,202.27
552,Iran,2064,SSP5-8.5,21.5,201.82
553,Iran,2065,SSP1-2.6,19.68,231.18
554,Iran,2065,SSP5-8.5,21.53,210.26
555,Iran,2066,SSP1-2.6,19.86,209.38
556,Iran,2066,SSP5-8.5,21.63,240.07
557,Iran,2067,SSP1-2.6,19.5,213
558,Iran,2067,SSP5-8.5,21.83,210.6
559,Iran,2068,SSP1-2.6,19.86,206.78
560,Iran,2068,SSP5-8.5,21.59,241.73
561,Iran,2069,SSP1-2.6,19.7,222.2
562,Iran,2069,SSP5-8.5,21.91,205.69
563,Iran,2070,SSP1-2.6,19.77,198.89
564,Iran,2070,SSP5-8.5,21.95,223.63
565,Iran,2071,SSP1-2.6,19.63,189.31
566,Iran,2071,SSP5-8.5,21.83,232.37
567,Iran,2072,SSP1-2.6,19.62,201.15
568,Iran,2072,SSP5-8.5,22.01,206.95
569,Iran,2073,SSP1-2.6,19.6,228.8
570,Iran,2073,SSP5-8.5,22.06,226.21
571,Iran,2074,SSP1-2.6,19.71,207.1
572,Iran,2074,SSP5-8.5,22.2,210.04
573,Iran,2075,SSP1-2.6,19.5,208.82
574,Iran,2075,SSP5-8.5,22.35,223.41
575,Iran,2076,SSP1-2.6,19.61,203.32
576,Iran,2076,SSP5-8.5,22.31,213.55
577,Iran,2077,SSP1-2.6,19.68,220.12
578,Iran,2077,SSP5-8.5,22.12,197.15
579,Iran,2078,SSP1-2.6,19.7,220.04
580,Iran,2078,SSP5-8.5,22.31,230.48
581,Iran,2079,SSP1-2.6,19.74,228.92
582,Iran,2079,SSP5-8.5,22.65,210.92
583,Iran,2080,SSP1-2.6,19.74,196.92
584,Iran,2080,SSP5-8.5,22.49,230.35
585,Iran,2081,SSP1-2.6,19.89,203.74
586,Iran,2081,SSP5-8.5,22.53,228.75
587,Iran,2082,SSP1-2.6,19.69,220.17
588,Iran,2082,SSP5-8.5,22.59,211.36
589,Iran,2083,SSP1-2.6,19.74,194.73
590,Iran,2083,SSP5-8.5,22.89,208.55
591,Iran,2084,SSP1-2.6,19.69,205.5
592,Iran,2084,SSP5-8.5,22.86,252.53
593,Iran,2085,SSP1-2.6,19.66,196.6
594,Iran,2085,SSP5-8.5,23.1,219.78
595,Iran,2086,SSP1-2.6,19.72,230.66
596,Iran,2086,SSP5-8.5,23.21,221.36
597,Iran,2087,SSP1-2.6,19.74,212.58
598,Iran,2087,SSP5-8.5,23.27,208.29
599,Iran,2088,SSP1-2.6,19.61,206.76
600,Iran,2088,SSP5-8.5,23.43,234.08
601,Iran,2089,SSP1-2.6,19.51,218.9
602,Iran,2089,SSP5-8.5,23.42,258.7
603,Iran,2090,SSP1-2.6,19.7,200.47
604,Iran,2090,SSP5-8.5,23.42,220.15
605,Iran,2091,SSP1-2.6,19.58,224.83
606,Iran,2091,SSP5-8.5,23.38,226.33
607,Iran,2092,SSP1-2.6,19.36,219.54
608,Iran,2092,SSP5-8.5,23.81,186.46
609,Iran,2093,SSP1-2.6,19.68,210.65
610,Iran,2093,SSP5-8.5,23.63,213
611,Iran,2094,SSP1-2.6,19.69,211.63
612,Iran,2094,SSP5-8.5,23.94,238.09
613,Iran,2095,SSP1-2.6,19.54,207.39
614,Iran,2095,SSP5-8.5,23.8,225.27
615,Iran,2096,SSP1-2.6,19.55,226.95
616,Iran,2096,SSP5-8.5,24.14,217.74
617,Iran,2097,SSP1-2.6,19.49,210
618,Iran,2097,SSP5-8.5,24.46,217.66
619,Iran,2098,SSP1-2.6,19.64,209.16
620,Iran,2098,SSP5-8.5,24.2,219.75
621,Iran,2099,SSP1-2.6,19.51,218.84
622,Iran,2099,SSP5-8.5,24.31,239.92
623,Iran,2100,SSP1-2.6,19.45,211.28
624,Iran,2100,SSP5-8.5,24.57,222.22
625,Nigeria,2023,SSP1-2.6,27.76,1052.84
626,Nigeria,2023,SSP5-8.5,27.58,1090.95
627,Nigeria,2024,SSP1-2.6,27.98,1056.4
628,Nigeria,2024,SSP5-8.5,27.69,1091.05
629,Nigeria,2025,SSP1-2.6,27.89,1052.79
630,Nigeria,2025,SSP5-8.5,27.7,1074.38
631,Nigeria,2026,SSP1-2.6,27.94,1084.56
632,Nigeria,2026,SSP5-8.5,27.87,1098.44
633,Nigeria,2027,SSP1-2.6,27.84,1055.22
634,Nigeria,2027,SSP5-8.5,27.94,1082.91
635,Nigeria,2028,SSP1-2.6,27.99,1129.02
636,Nigeria,2028,SSP5-8.5,27.87,1058.81
637,Nigeria,2029,SSP1-2.6,28.01,1072.37
638,Nigeria,2029,SSP5-8.5,27.96,1116.63
639,Nigeria,2030,SSP1-2.6,28.02,1048.9
640,Nigeria,2030,SSP5-8.5,27.98,1093.7
641,Nigeria,2031,SSP1-2.6,28.17,1100.78
642,Nigeria,2031,SSP5-8.5,28.11,1074.01
643,Nigeria,2032,SSP1-2.6,28.07,1051.68
644,Nigeria,2032,SSP5-8.5,27.94,1111.32
645,Nigeria,2033,SSP1-2.6,28.16,1079.35
646,Nigeria,2033,SSP5-8.5,27.96,1136.86
647,Nigeria,2034,SSP1-2.6,28.12,1063.63
648,Nigeria,2034,SSP5-8.5,27.88,1121.45
649,Nigeria,2035,SSP1-2.6,28.11,1039.61
650,Nigeria,2035,SSP5-8.5,28.18,1078.42
651,Nigeria,2036,SSP1-2.6,28.23,1092.03
652,Nigeria,2036,SSP5-8.5,28.28,1086.18
653,Nigeria,2037,SSP1-2.6,28.19,1093.51
654,Nigeria,2037,SSP5-8.5,28.22,1109.11
655,Nigeria,2038,SSP1-2.6,28.09,1098.1
656,Nigeria,2038,SSP5-8.5,28.26,1111.48
657,Nigeria,2039,SSP1-2.6,28.17,1088.89
658,Nigeria,2039,SSP5-8.5,28.29,1127.2
659,Nigeria,2040,SSP1-2.6,28.16,1093.52
660,Nigeria,2040,SSP5-8.5,28.39,1146.37
661,Nigeria,2041,SSP1-2.6,28.15,1050.18
662,Nigeria,2041,SSP5-8.5,28.28,1133.2
663,Nigeria,2042,SSP1-2.6,28.21,1077.07
664,Nigeria,2042,SSP5-8.5,28.41,1102.97
665,Nigeria,2043,SSP1-2.6,28.24,1080.16
666,Nigeria,2043,SSP5-8.5,28.47,1113.5
667,Nigeria,2044,SSP1-2.6,28.18,1071.08
668,Nigeria,2044,SSP5-8.5,28.61,1121.45
669,Nigeria,2045,SSP1-2.6,28.24,1109.71
670,Nigeria,2045,SSP5-8.5,28.63,1147.2
671,Nigeria,2046,SSP1-2.6,28.49,1057.64
672,Nigeria,2046,SSP5-8.5,28.65,1127.03
673,Nigeria,2047,SSP1-2.6,28.32,1096.99
674,Nigeria,2047,SSP5-8.5,28.74,1111.69
675,Nigeria,2048,SSP1-2.6,28.23,1068.7
676,Nigeria,2048,SSP5-8.5,28.75,1102.35
677,Nigeria,2049,SSP1-2.6,28.37,1094.79
678,Nigeria,2049,SSP5-8.5,28.95,1133.81
679,Nigeria,2050,SSP1-2.6,28.44,1113.45
680,Nigeria,2050,SSP5-8.5,28.86,1103.03
681,Nigeria,2051,SSP1-2.6,28.41,1086.92
682,Nigeria,2051,SSP5-8.5,28.98,1120.04
683,Nigeria,2052,SSP1-2.6,28.42,1067.82
684,Nigeria,2052,SSP5-8.5,28.86,1116.43
685,Nigeria,2053,SSP1-2.6,28.24,1079.32
686,Nigeria,2053,SSP5-8.5,28.95,1133.18
687,Nigeria,2054,SSP1-2.6,28.27,1055.4
688,Nigeria,2054,SSP5-8.5,29.03,1123.56
689,Nigeria,2055,SSP1-2.6,28.3,1077.04
690,Nigeria,2055,SSP5-8.5,29.01,1122.45
691,Nigeria,2056,SSP1-2.6,28.41,1058.02
692,Nigeria,2056,SSP5-8.5,29.21,1150.82
693,Nigeria,2057,SSP1-2.6,28.27,1074.02
694,Nigeria,2057,SSP5-8.5,29.25,1132.44
695,Nigeria,2058,SSP1-2.6,28.33,1094.75
696,Nigeria,2058,SSP5-8.5,29.42,1113.07
697,Nigeria,2059,SSP1-2.6,28.34,1078.18
698,Nigeria,2059,SSP5-8.5,29.4,1165.57
699,Nigeria,2060,SSP1-2.6,28.44,1031.31
700,Nigeria,2060,SSP5-8.5,29.43,1140
701,Nigeria,2061,SSP1-2.6,28.37,1073.96
702,Nigeria,2061,SSP5-8.5,29.45,1105.47
703,Nigeria,2062,SSP1-2.6,28.35,1070.06
704,Nigeria,2062,SSP5-8.5,29.65,1131.95
705,Nigeria,2063,SSP1-2.6,28.47,1088.31
706,Nigeria,2063,SSP5-8.5,29.55,1160.8
707,Nigeria,2064,SSP1-2.6,28.5,1063.52
708,Nigeria,2064,SSP5-8.5,29.67,1131.32
709,Nigeria,2065,SSP1-2.6,28.26,1106.48
710,Nigeria,2065,SSP5-8.5,29.46,1157.32
711,Nigeria,2066,SSP1-2.6,28.49,1044.22
712,Nigeria,2066,SSP5-8.5,29.77,1119.22
713,Nigeria,2067,SSP1-2.6,28.5,1066.19
714,Nigeria,2067,SSP5-8.5,29.91,1136.77
715,Nigeria,2068,SSP1-2.6,28.39,1078.98
716,Nigeria,2068,SSP5-8.5,29.73,1148.99
717,Nigeria,2069,SSP1-2.6,28.39,1085.18
718,Nigeria,2069,SSP5-8.5,29.92,1105.12
719,Nigeria,2070,SSP1-2.6,28.46,1060.25
720,Nigeria,2070,SSP5-8.5,29.89,1167.85
721,Nigeria,2071,SSP1-2.6,28.36,1069.57
722,Nigeria,2071,SSP5-8.5,29.98,1139.37
723,Nigeria,2072,SSP1-2.6,28.4,1064.62
724,Nigeria,2072,SSP5-8.5,30.13,1108.47
725,Nigeria,2073,SSP1-2.6,28.44,1106.38
726,Nigeria,2073,SSP5-8.5,30.14,1137.93
727,Nigeria,2074,SSP1-2.6,28.45,1085.77
728,Nigeria,2074,SSP5-8.5,30.12,1149.64
729,Nigeria,2075,SSP1-2.6,28.34,1066.06
730,Nigeria,2075,SSP5-8.5,30.22,1115.51
731,Nigeria,2076,SSP1-2.6,28.36,1078.42
732,Nigeria,2076,SSP5-8.5,30.31,1116.13
733,Nigeria,2077,SSP1-2.6,28.47,1045.72
734,Nigeria,2077,SSP5-8.5,30.44,1127.77
735,Nigeria,2078,SSP1-2.6,28.48,1084.82
736,Nigeria,2078,SSP5-8.5,30.34,1167.08
737,Nigeria,2079,SSP1-2.6,28.57,1077.71
738,Nigeria,2079,SSP5-8.5,30.51,1152.1
739,Nigeria,2080,SSP1-2.6,28.38,1060.15
740,Nigeria,2080,SSP5-8.5,30.56,1147.42
741,Nigeria,2081,SSP1-2.6,28.45,1091.27
742,Nigeria,2081,SSP5-8.5,30.53,1124.75
743,Nigeria,2082,SSP1-2.6,28.6,1073.37
744,Nigeria,2082,SSP5-8.5,30.67,1167.5
745,Nigeria,2083,SSP1-2.6,28.29,1048.51
746,Nigeria,2083,SSP5-8.5,30.75,1135.79
747,Nigeria,2084,SSP1-2.6,28.37,1084.97
748,Nigeria,2084,SSP5-8.5,30.92,1175.13
749,Nigeria,2085,SSP1-2.6,28.38,1029.13
750,Nigeria,2085,SSP5-8.5,30.95,1204.35
751,Nigeria,2086,SSP1-2.6,28.44,1094.49
752,Nigeria,2086,SSP5-8.5,30.89,1161.11
753,Nigeria,2087,SSP1-2.6,28.36,1062.15
754,Nigeria,2087,SSP5-8.5,30.9,1123.32
755,Nigeria,2088,SSP1-2.6,28.24,1046.71
756,Nigeria,2088,SSP5-8.5,31.28,1183.89
757,Nigeria,2089,SSP1-2.6,28.21,1029.35
758,Nigeria,2089,SSP5-8.5,31.02,1151.08
759,Nigeria,2090,SSP1-2.6,28.35,1077.7
760,Nigeria,2090,SSP5-8.5,31.05,1165.03
761,Nigeria,2091,SSP1-2.6,28.45,1075.64
762,Nigeria,2091,SSP5-8.5,31.28,1219.1
763,Nigeria,2092,SSP1-2.6,28.34,1047.86
764,Nigeria,2092,SSP5-8.5,31.3,1153.78
765,Nigeria,2093,SSP1-2.6,28.39,1081.1
766,Nigeria,2093,SSP5-8.5,31.32,1198.61
767,Nigeria,2094,SSP1-2.6,28.31,1084.54
768,Nigeria,2094,SSP5-8.5,31.5,1126.08
769,Nigeria,2095,SSP1-2.6,28.4,1024.54
770,Nigeria,2095,SSP5-8.5,31.62,1169.83
771,Nigeria,2096,SSP1-2.6,28.07,1071.22
772,Nigeria,2096,SSP5-8.5,31.56,1142.6
773,Nigeria,2097,SSP1-2.6,28.22,1059.39
774,Nigeria,2097,SSP5-8.5,31.73,1144.47
775,Nigeria,2098,SSP1-2.6,28.5,1073.09
776,Nigeria,2098,SSP5-8.5,31.78,1121.67
777,Nigeria,2099,SSP1-2.6,28.47,1053.4
778,Nigeria,2099,SSP5-8.5,31.69,1189.46
779,Nigeria,2100,SSP1-2.6,28.39,1095.9
780,Nigeria,2100,SSP5-8.5,31.86,1234.81
781,Poland,2023,SSP1-2.6,9.47,701.34
782,Poland,2023,SSP5-8.5,9.09,707.71
783,Poland,2024,SSP1-2.6,9.44,735.66
784,Poland,2024,SSP5-8.5,9.66,729.85
785,Poland,2025,SSP1-2.6,9.74,725.16
786,Poland,2025,SSP5-8.5,9.4,736.77
787,Poland,2026,SSP1-2.6,9.44,733.22
788,Poland,2026,SSP5-8.5,9.3,727.39
789,Poland,2027,SSP1-2.6,9.39,760.67
790,Poland,2027,SSP5-8.5,9.49,738.13
791,Poland,2028,SSP1-2.6,9.46,763.93
792,Poland,2028,SSP5-8.5,9.54,715.78
793,Poland,2029,SSP1-2.6,9.64,748.45
794,Poland,2029,SSP5-8.5,9.62,763.92
795,Poland,2030,SSP1-2.6,9.65,742.49
796,Poland,2030,SSP5-8.5,9.52,750.63
797,Poland,2031,SSP1-2.6,9.26,744.89
798,Poland,2031,SSP5-8.5,9.31,753.88
799,Poland,2032,SSP1-2.6,9.3,744.34
800,Poland,2032,SSP5-8.5,9.63,754.42
801,Poland,2033,SSP1-2.6,9.59,710.14
802,Poland,2033,SSP5-8.5,9.86,733.64
803,Poland,2034,SSP1-2.6,9.7,733.92
804,Poland,2034,SSP5-8.5,10.21,713.67
805,Poland,2035,SSP1-2.6,9.52,737.89
806,Poland,2035,SSP5-8.5,10.06,735.43
807,Poland,2036,SSP1-2.6,9.62,727.35
808,Poland,2036,SSP5-8.5,10.13,727.76
809,Poland,2037,SSP1-2.6,9.62,763.77
810,Poland,2037,SSP5-8.5,10.24,720.31
811,Poland,2038,SSP1-2.6,9.71,759.97
812,Poland,2038,SSP5-8.5,10.4,736.68
813,Poland,2039,SSP1-2.6,9.86,722.62
814,Poland,2039,SSP5-8.5,10.54,714.04
815,Poland,2040,SSP1-2.6,9.72,731.45
816,Poland,2040,SSP5-8.5,10.13,722.7
817,Poland,2041,SSP1-2.6,9.65,730.82
818,Poland,2041,SSP5-8.5,10.32,724.82
819,Poland,2042,SSP1-2.6,9.92,736.35
820,Poland,2042,SSP5-8.5,10.31,702.54
821,Poland,2043,SSP1-2.6,10.08,729.46
822,Poland,2043,SSP5-8.5,10.25,743.86
823,Poland,2044,SSP1-2.6,9.74,734.47
824,Poland,2044,SSP5-8.5,10.12,734.79
825,Poland,2045,SSP1-2.6,9.8,714.08
826,Poland,2045,SSP5-8.5,10.48,735.91
827,Poland,2046,SSP1-2.6,10.19,717.23
828,Poland,2046,SSP5-8.5,10.68,758.36
829,Poland,2047,SSP1-2.6,9.53,729.92
830,Poland,2047,SSP5-8.5,10.44,742.57
831,Poland,2048,SSP1-2.6,10.04,743.24
832,Poland,2048,SSP5-8.5,10.67,756.94
833,Poland,2049,SSP1-2.6,10.23,746.36
834,Poland,2049,SSP5-8.5,10.71,752.54
835,Poland,2050,SSP1-2.6,9.64,736.58
836,Poland,2050,SSP5-8.5,10.81,712.28
837,Poland,2051,SSP1-2.6,10,704.83
838,Poland,2051,SSP5-8.5,10.8,736.48
839,Poland,2052,SSP1-2.6,10.11,764.77
840,Poland,2052,SSP5-8.5,10.66,741.84
841,Poland,2053,SSP1-2.6,10.02,755.88
842,Poland,2053,SSP5-8.5,10.69,749.1
843,Poland,2054,SSP1-2.6,9.79,773.66
844,Poland,2054,SSP5-8.5,11.06,698.78
845,Poland,2055,SSP1-2.6,10.12,766.77
846,Poland,2055,SSP5-8.5,11.33,722.12
847,Poland,2056,SSP1-2.6,9.84,761.68
848,Poland,2056,SSP5-8.5,11.21,748.25
849,Poland,2057,SSP1-2.6,10.04,769.23
850,Poland,2057,SSP5-8.5,11.55,710.49
851,Poland,2058,SSP1-2.6,10.19,745.62
852,Poland,2058,SSP5-8.5,11.66,715.91
853,Poland,2059,SSP1-2.6,9.97,745.44
854,Poland,2059,SSP5-8.5,11.23,749.08
855,Poland,2060,SSP1-2.6,10.05,745.82
856,Poland,2060,SSP5-8.5,11.26,711.99
857,Poland,2061,SSP1-2.6,10.09,740.48
858,Poland,2061,SSP5-8.5,11.77,720.71
859,Poland,2062,SSP1-2.6,9.94,754.95
860,Poland,2062,SSP5-8.5,11.38,712.32
861,Poland,2063,SSP1-2.6,9.93,748.39
862,Poland,2063,SSP5-8.5,11.28,760.47
863,Poland,2064,SSP1-2.6,10.2,755.21
864,Poland,2064,SSP5-8.5,11.54,732.77
865,Poland,2065,SSP1-2.6,9.9,734.63
866,Poland,2065,SSP5-8.5,11.83,729.98
867,Poland,2066,SSP1-2.6,10.07,761.3
868,Poland,2066,SSP5-8.5,11.88,702.74
869,Poland,2067,SSP1-2.6,10.03,731.44
870,Poland,2067,SSP5-8.5,12,706.41
871,Poland,2068,SSP1-2.6,10.4,753.19
872,Poland,2068,SSP5-8.5,11.95,702.66
873,Poland,2069,SSP1-2.6,10.64,751.28
874,Poland,2069,SSP5-8.5,11.82,708.83
875,Poland,2070,SSP1-2.6,10.12,744.94
876,Poland,2070,SSP5-8.5,12.46,701.05
877,Poland,2071,SSP1-2.6,10.12,758.58
878,Poland,2071,SSP5-8.5,11.9,737.38
879,Poland,2072,SSP1-2.6,10.05,742.46
880,Poland,2072,SSP5-8.5,12.25,729
881,Poland,2073,SSP1-2.6,10.06,748.94
882,Poland,2073,SSP5-8.5,11.84,708.25
883,Poland,2074,SSP1-2.6,10.21,723.2
884,Poland,2074,SSP5-8.5,12.33,707.65
885,Poland,2075,SSP1-2.6,10.5,706.97
886,Poland,2075,SSP5-8.5,12.17,727.52
887,Poland,2076,SSP1-2.6,10.3,736.09
888,Poland,2076,SSP5-8.5,12.4,710.18
889,Poland,2077,SSP1-2.6,10.16,768.42
890,Poland,2077,SSP5-8.5,12.66,719.42
891,Poland,2078,SSP1-2.6,10.26,743.97
892,Poland,2078,SSP5-8.5,12.14,738.88
893,Poland,2079,SSP1-2.6,10.06,754.64
894,Poland,2079,SSP5-8.5,12.61,722.4
895,Poland,2080,SSP1-2.6,9.96,763.34
896,Poland,2080,SSP5-8.5,12.64,724.05
897,Poland,2081,SSP1-2.6,10,731.49
898,Poland,2081,SSP5-8.5,12.93,699.35
899,Poland,2082,SSP1-2.6,10.09,739.09
900,Poland,2082,SSP5-8.5,12.62,733.54
901,Poland,2083,SSP1-2.6,9.86,785.65
902,Poland,2083,SSP5-8.5,12.81,738.31
903,Poland,2084,SSP1-2.6,10.13,720.48
904,Poland,2084,SSP5-8.5,12.89,742.15
905,Poland,2085,SSP1-2.6,10.14,736.97
906,Poland,2085,SSP5-8.5,13.19,733.86
907,Poland,2086,SSP1-2.6,10.19,739.06
908,Poland,2086,SSP5-8.5,12.75,764.88
909,Poland,2087,SSP1-2.6,10,797.65
910,Poland,2087,SSP5-8.5,12.95,726.01
911,Poland,2088,SSP1-2.6,9.99,766.13
912,Poland,2088,SSP5-8.5,13.41,725.93
913,Poland,2089,SSP1-2.6,10.11,744.32
914,Poland,2089,SSP5-8.5,13.57,723.6
915,Poland,2090,SSP1-2.6,10.19,753.55
916,Poland,2090,SSP5-8.5,13.62,711.26
917,Poland,2091,SSP1-2.6,9.96,752.18
918,Poland,2091,SSP5-8.5,13.37,719.05
919,Poland,2092,SSP1-2.6,10.08,733.49
920,Poland,2092,SSP5-8.5,13.2,764.46
921,Poland,2093,SSP1-2.6,10.11,763.28
922,Poland,2093,SSP5-8.5,13.93,691.84
923,Poland,2094,SSP1-2.6,10.12,741.61
924,Poland,2094,SSP5-8.5,13.66,722.31
925,Poland,2095,SSP1-2.6,9.82,753.27
926,Poland,2095,SSP5-8.5,13.84,711.94
927,Poland,2096,SSP1-2.6,10.24,761.04
928,Poland,2096,SSP5-8.5,13.82,715.76
929,Poland,2097,SSP1-2.6,10.03,753.1
930,Poland,2097,SSP5-8.5,13.75,723.41
931,Poland,2098,SSP1-2.6,10.28,762.67
932,Poland,2098,SSP5-8.5,13.97,736.23
933,Poland,2099,SSP1-2.6,10.42,762.07
934,Poland,2099,SSP5-8.5,13.73,757.54
935,Poland,2100,SSP1-2.6,9.97,773.65
936,Poland,2100,SSP5-8.5,14,735.58
937,United.States,2023,SSP1-2.6,10.2,875.28
938,United.States,2023,SSP5-8.5,10.03,872.94
939,United.States,2024,SSP1-2.6,10.33,861.95
940,United.States,2024,SSP5-8.5,10.27,870.59
941,United.States,2025,SSP1-2.6,10.35,867.26
942,United.States,2025,SSP5-8.5,10.29,881.08
943,United.States,2026,SSP1-2.6,10.23,879.97
944,United.States,2026,SSP5-8.5,10.36,887.77
945,United.States,2027,SSP1-2.6,10.28,880.37
946,United.States,2027,SSP5-8.5,10.37,874.2
947,United.States,2028,SSP1-2.6,10.53,893.14
948,United.States,2028,SSP5-8.5,10.5,876.95
949,United.States,2029,SSP1-2.6,10.44,863.42
950,United.States,2029,SSP5-8.5,10.36,873.79
951,United.States,2030,SSP1-2.6,10.48,877.29
952,United.States,2030,SSP5-8.5,10.55,859.56
953,United.States,2031,SSP1-2.6,10.57,886.9
954,United.States,2031,SSP5-8.5,10.62,867.17
955,United.States,2032,SSP1-2.6,10.42,883.1
956,United.States,2032,SSP5-8.5,10.67,884.97
957,United.States,2033,SSP1-2.6,10.61,888.21
958,United.States,2033,SSP5-8.5,10.74,872.11
959,United.States,2034,SSP1-2.6,10.32,900.45
960,United.States,2034,SSP5-8.5,10.75,873.13
961,United.States,2035,SSP1-2.6,10.51,884.9
962,United.States,2035,SSP5-8.5,10.89,858.74
963,United.States,2036,SSP1-2.6,10.57,894.06
964,United.States,2036,SSP5-8.5,11,877.64
965,United.States,2037,SSP1-2.6,10.85,899.59
966,United.States,2037,SSP5-8.5,11.07,876.31
967,United.States,2038,SSP1-2.6,10.8,887.27
968,United.States,2038,SSP5-8.5,10.93,891.64
969,United.States,2039,SSP1-2.6,10.69,885.37
970,United.States,2039,SSP5-8.5,10.96,896.79
971,United.States,2040,SSP1-2.6,10.78,885.82
972,United.States,2040,SSP5-8.5,11.3,902.38
973,United.States,2041,SSP1-2.6,10.74,886.3
974,United.States,2041,SSP5-8.5,11.1,893.72
975,United.States,2042,SSP1-2.6,10.82,911.74
976,United.States,2042,SSP5-8.5,11.22,882.55
977,United.States,2043,SSP1-2.6,10.8,902.96
978,United.States,2043,SSP5-8.5,11.3,901.57
979,United.States,2044,SSP1-2.6,10.87,881.17
980,United.States,2044,SSP5-8.5,11.4,890.3
981,United.States,2045,SSP1-2.6,10.73,894.27
982,United.States,2045,SSP5-8.5,11.44,900.6
983,United.States,2046,SSP1-2.6,11.01,903.56
984,United.States,2046,SSP5-8.5,11.43,896.17
985,United.States,2047,SSP1-2.6,10.87,908.63
986,United.States,2047,SSP5-8.5,11.59,899.44
987,United.States,2048,SSP1-2.6,10.98,905.53
988,United.States,2048,SSP5-8.5,11.87,903.03
989,United.States,2049,SSP1-2.6,10.96,888.38
990,United.States,2049,SSP5-8.5,11.67,896.79
991,United.States,2050,SSP1-2.6,10.78,899.51
992,United.States,2050,SSP5-8.5,11.8,890.21
993,United.States,2051,SSP1-2.6,10.99,911.16
994,United.States,2051,SSP5-8.5,11.93,879.77
995,United.States,2052,SSP1-2.6,11.04,891.95
996,United.States,2052,SSP5-8.5,11.84,885.06
997,United.States,2053,SSP1-2.6,11.01,866.15
998,United.States,2053,SSP5-8.5,11.82,912.94
999,United.States,2054,SSP1-2.6,10.9,884.82
1000,United.States,2054,SSP5-8.5,12.05,890.09
1001,United.States,2055,SSP1-2.6,11.17,895.69
1002,United.States,2055,SSP5-8.5,12.28,891.5
1003,United.States,2056,SSP1-2.6,10.96,892.02
1004,United.States,2056,SSP5-8.5,12.28,905.23
1005,United.States,2057,SSP1-2.6,11.08,906.36
1006,United.States,2057,SSP5-8.5,12.32,904.94
1007,United.States,2058,SSP1-2.6,10.92,919.82
1008,United.States,2058,SSP5-8.5,12.33,914.11
1009,United.States,2059,SSP1-2.6,11.01,909.42
1010,United.States,2059,SSP5-8.5,12.51,912.27
1011,United.States,2060,SSP1-2.6,11.06,897.87
1012,United.States,2060,SSP5-8.5,12.42,918.37
1013,United.States,2061,SSP1-2.6,11.07,886.49
1014,United.States,2061,SSP5-8.5,12.66,914.78
1015,United.States,2062,SSP1-2.6,11.07,913.28
1016,United.States,2062,SSP5-8.5,12.59,925.38
1017,United.States,2063,SSP1-2.6,11.11,878.63
1018,United.States,2063,SSP5-8.5,12.62,910.12
1019,United.States,2064,SSP1-2.6,11.13,881.36
1020,United.States,2064,SSP5-8.5,12.73,898.74
1021,United.States,2065,SSP1-2.6,11.1,891.5
1022,United.States,2065,SSP5-8.5,12.8,909.65
1023,United.States,2066,SSP1-2.6,11.03,911.8
1024,United.States,2066,SSP5-8.5,12.97,933.21
1025,United.States,2067,SSP1-2.6,11.21,906.05
1026,United.States,2067,SSP5-8.5,12.89,925.07
1027,United.States,2068,SSP1-2.6,11.15,895.69
1028,United.States,2068,SSP5-8.5,13.06,906.69
1029,United.States,2069,SSP1-2.6,11.17,892.5
1030,United.States,2069,SSP5-8.5,13.21,914.22
1031,United.States,2070,SSP1-2.6,11.21,893.02
1032,United.States,2070,SSP5-8.5,13.24,929.58
1033,United.States,2071,SSP1-2.6,11,897.17
1034,United.States,2071,SSP5-8.5,13.31,913.79
1035,United.States,2072,SSP1-2.6,11.18,908.71
1036,United.States,2072,SSP5-8.5,13.34,922.84
1037,United.States,2073,SSP1-2.6,11.19,909.85
1038,United.States,2073,SSP5-8.5,13.68,936.76
1039,United.States,2074,SSP1-2.6,11.27,891.22
1040,United.States,2074,SSP5-8.5,13.55,929.23
1041,United.States,2075,SSP1-2.6,10.95,897.62
1042,United.States,2075,SSP5-8.5,13.63,938.53
1043,United.States,2076,SSP1-2.6,11.05,910.86
1044,United.States,2076,SSP5-8.5,13.69,917.27
1045,United.States,2077,SSP1-2.6,11.13,893.21
1046,United.States,2077,SSP5-8.5,13.86,917.08
1047,United.States,2078,SSP1-2.6,11.21,897.38
1048,United.States,2078,SSP5-8.5,13.82,935.63
1049,United.States,2079,SSP1-2.6,11.01,911.3
1050,United.States,2079,SSP5-8.5,14,923
1051,United.States,2080,SSP1-2.6,11.11,906.27
1052,United.States,2080,SSP5-8.5,14.03,934.53
1053,United.States,2081,SSP1-2.6,11.11,922.02
1054,United.States,2081,SSP5-8.5,14.09,943.63
1055,United.States,2082,SSP1-2.6,11.11,902.25
1056,United.States,2082,SSP5-8.5,14.35,915.77
1057,United.States,2083,SSP1-2.6,11.06,892.82
1058,United.States,2083,SSP5-8.5,14.25,921.42
1059,United.States,2084,SSP1-2.6,11.12,919.53
1060,United.States,2084,SSP5-8.5,14.38,951.48
1061,United.States,2085,SSP1-2.6,11.04,912.86
1062,United.States,2085,SSP5-8.5,14.47,946.47
1063,United.States,2086,SSP1-2.6,11.01,927.42
1064,United.States,2086,SSP5-8.5,14.55,940.74
1065,United.States,2087,SSP1-2.6,10.99,909.64
1066,United.States,2087,SSP5-8.5,14.55,946.28
1067,United.States,2088,SSP1-2.6,11.06,892.87
1068,United.States,2088,SSP5-8.5,14.77,930.43
1069,United.States,2089,SSP1-2.6,10.97,905.27
1070,United.States,2089,SSP5-8.5,14.86,941.29
1071,United.States,2090,SSP1-2.6,10.94,908.37
1072,United.States,2090,SSP5-8.5,14.85,947.2
1073,United.States,2091,SSP1-2.6,10.92,914.06
1074,United.States,2091,SSP5-8.5,14.96,954.24
1075,United.States,2092,SSP1-2.6,11.26,893.39
1076,United.States,2092,SSP5-8.5,15,932.87
1077,United.States,2093,SSP1-2.6,10.9,906.26
1078,United.States,2093,SSP5-8.5,15.21,931.29
1079,United.States,2094,SSP1-2.6,10.9,906.06
1080,United.States,2094,SSP5-8.5,15.15,954.37
1081,United.States,2095,SSP1-2.6,11.01,900.78
1082,United.States,2095,SSP5-8.5,15.06,959.91
1083,United.States,2096,SSP1-2.6,11.01,911.64
1084,United.States,2096,SSP5-8.5,15.25,928.74
1085,United.States,2097,SSP1-2.6,11.03,908.84
1086,United.States,2097,SSP5-8.5,15.36,955.4
1087,United.States,2098,SSP1-2.6,10.87,906.37
1088,United.States,2098,SSP5-8.5,15.24,966.6
1089,United.States,2099,SSP1-2.6,11.05,903.88
1090,United.States,2099,SSP5-8.5,15.7,945.11
1091,United.States,2100,SSP1-2.6,10.95,915.36
1092,United.States,2100,SSP5-8.5,15.84,959.04
